,CNN,RNN
Accuracy,0.9921,0.9687
Confusion Matrix,"[[ 976    0    0    0    1    0    2    1    0    0]
 [   0 1131    0    0    0    1    0    3    0    0]
 [   0    1 1026    0    1    0    1    2    1    0]
 [   0    1    2  993    0    9    0    4    1    0]
 [   0    0    0    0  976    0    0    0    1    5]
 [   0    0    0    2    0  888    1    1    0    0]
 [   1    2    0    0    1    1  953    0    0    0]
 [   0    3    3    0    1    0    0 1020    0    1]
 [   0    0    1    0    0    2    1    0  969    1]
 [   0    0    0    0    9    3    0    2    6  989]]","[[ 961    0    1    0    0    4   10    2    2    0]
 [   0 1114    4    8    3    1    0    2    3    0]
 [   1    4 1012    4    1    0    1    5    4    0]
 [   0    1    4  989    0   11    0    3    0    2]
 [   0    1    3    0  965    0    0    1    0   12]
 [   0    2    1   13    1  863    5    3    0    4]
 [  11    4    4    0   17    3  915    0    4    0]
 [   0    3    8    2    2    2    0 1000    0   11]
 [   1    3    3    3    6    6    7    4  927   14]
 [   0    2    3   17   29    7    0    8    2  941]]"
classification report,"              precision    recall  f1-score   support

           0       1.00      1.00      1.00       980
           1       0.99      1.00      1.00      1135
           2       0.99      0.99      0.99      1032
           3       1.00      0.98      0.99      1010
           4       0.99      0.99      0.99       982
           5       0.98      1.00      0.99       892
           6       0.99      0.99      0.99       958
           7       0.99      0.99      0.99      1028
           8       0.99      0.99      0.99       974
           9       0.99      0.98      0.99      1009

    accuracy                           0.99     10000
   macro avg       0.99      0.99      0.99     10000
weighted avg       0.99      0.99      0.99     10000
","              precision    recall  f1-score   support

           0       0.99      0.98      0.98       980
           1       0.98      0.98      0.98      1135
           2       0.97      0.98      0.98      1032
           3       0.95      0.98      0.97      1010
           4       0.94      0.98      0.96       982
           5       0.96      0.97      0.96       892
           6       0.98      0.96      0.97       958
           7       0.97      0.97      0.97      1028
           8       0.98      0.95      0.97       974
           9       0.96      0.93      0.94      1009

    accuracy                           0.97     10000
   macro avg       0.97      0.97      0.97     10000
weighted avg       0.97      0.97      0.97     10000
"
